{"client_meta":{"background_color":{"r":0.11764705926179886,"g":0.11764705926179886,"b":0.11764705926179886,"a":1},"thumbnail_size":{"width":396,"height":400},"render_coordinates":{"x":336,"y":-429.2568054199219,"width":1881.421875,"height":1902.2568359375}},"file_name":"Calendário de Jogos (Community)"}